Annual Distance (miles/vehicle),2020.0
LDVs,10875.790735456
HDVs,31372.328610917
aircraft,1175558.279806861
rail,16737.895085316
ships,0.0
motorbikes,0.0
