Annual Distance (miles/vehicle),2020.0
LDVs,12358.699793635
HDVs,15120.550099163
aircraft,1462270.232215559
rail,125584.55
ships,226.047067333
motorbikes,2436.014113944
