Annual Distance (miles/vehicle),2020.0
LDVs,11200.645331587
HDVs,30140.700918244
aircraft,1201384.936510723
rail,16673.636756621
ships,0.0
motorbikes,0.0
