Annual Distance (miles/vehicle),2020.0
LDVs,12410.609627401
HDVs,15032.49884333
aircraft,1236064.004080913
rail,141697.875
ships,226.795239988
motorbikes,2446.81668709
