Annual Distance (miles/vehicle),2020.0
LDVs,12465.70946185
HDVs,8538.376584923
aircraft,1505460.455148958
rail,125584.55
ships,213.013973011
motorbikes,2119.159628413
