Annual Distance (miles/vehicle),2020.0
LDVs,11153.304084766
HDVs,30317.316903438
aircraft,1421244.454519569
rail,16771.556221887
ships,0.0
motorbikes,0.0
