Unit: dimensionless (ratio of electricity demand in this hour to annual demand),Hour0,Hour1,Hour2,Hour3,Hour4,Hour5,Hour6,Hour7,Hour8,Hour9,Hour10,Hour11,Hour12,Hour13,Hour14,Hour15,Hour16,Hour17,Hour18,Hour19,Hour20,Hour21,Hour22,Hour23
Winter,0,0,0,0,0,0.005874110325881476,0.06628465245513099,0.041502378902233,0,0,0,0.0,0.0,0.0,0.0,0.0,0.0,0.07208589895354804,0.25820797399640844,0.13136919481084808,0.021998446733007427,0.0,0,0
Spring,0,0,0,0,0,0.0,0.008905785970651009,0.0,0,0,0,0.0,0.0,0.0,0.0,0.0,0.0,0.02910173814828865,0.2952466514683212,0.27869295890140494,0.05177431504971687,0.0,0,0
Summer,0,0,0,0,0,0.0,0.0,0.0,0,0,0,0.08325484285934387,0.2630309630465532,0.46375776303603167,0.7125103975395572,0.95,0.95,0.95,0.95,0.95,0.7377155049147489,0.22746372491392186,0,0
Fall,0,0,0,0,0,0.0,0.0,0.0,0,0,0,0.0,0.0,0.0,0.0,0.0,0.07499563896419681,0.19031160459394977,0.17375177155941351,0.10294246513169698,0.0,0.0,0,0
Summer Peak,0,0,0,0,0,0.0,0.0,0.0,0,0,0,0.0,0.0,0.0,0.95,0.95,0.95,0.95,0.95,0.95,0.95,0.0,0,0
Winter Peak,0,0,0,0,0,0.0,0.0,0.0,0,0,0,0.0,0.0,0.0,0.0,0.0,0.0,0.0,0.0,0.0,0.0,0.0,0,0
