pumped hydro,Hour0,Hour1,Hour2,Hour3,Hour4,Hour5,Hour6,Hour7,Hour8,Hour9,Hour10,Hour11,Hour12,Hour13,Hour14,Hour15,Hour16,Hour17,Hour18,Hour19,Hour20,Hour21,Hour22,Hour23
Winter,0,0,0,0,0,0,0.02931201550387597,0.064515503875969,0,0,0,0.0,0.0,0.0,0.0,0.0,0.0,0.18046511627906978,0.4764147286821705,0.3645058139534884,0.13343023255813954,0.0,0,0
Spring,0,0,0,0,0,0,0.015192113245702731,0.0,0,0,0,0.0,0.0,0.0,0.0,0.006205763397371082,0.025240141557128414,0.20080889787664305,0.38808139534883723,0.39558897876643073,0.3529069767441861,0.0358948432760364,0,0
Summer,0,0,0,0,0,0,0.0,0.0,0,0,0,0.016316986855409502,0.12401415571284127,0.2167972699696663,0.3234706774519717,0.42651668351870575,0.5740899898887766,0.6654322548028312,0.796423154701719,0.7687184024266936,0.5839484327603639,0.1755055611729019,0,0
Fall,0,0,0,0,0,0,0.0,0.0,0,0,0,0.0,0.0,0.0,0.0,0.0189668318719024,0.08572245520396492,0.4521540221120854,0.5963019443385437,0.3443194815097217,0.04757910789172703,0.0,0,0
Summer Peak,0,0,0,0,0,0,0.0,0.0,0,0,0,0.0,0.0,0.0,0.0,0.3,0.8255813953488372,0.8255813953488372,0.8255813953488372,0.8255813953488372,0.8255813953488372,0.0,0,0
Winter Peak,0,0,0,0,0,0,0.0,0.0,0,0,0,0.0,0.0,0.0,0.0,0.0,0.0,0.0,0.0,0.0,0.0,0.0,0,0
