solar pv,Hour0,Hour1,Hour2,Hour3,Hour4,Hour5,Hour6,Hour7,Hour8,Hour9,Hour10,Hour11,Hour12,Hour13,Hour14,Hour15,Hour16,Hour17,Hour18,Hour19,Hour20,Hour21,Hour22,Hour23
Winter,0,0,0,0,0.0,0.0,0.0058346988951022555,0.1705732200614506,0.36995248517380025,0.40839505068403403,0.4011812147182174,0.3905833115233601,0.39309654485592105,0.4034129641289125,0.3859184812709609,0.2672123069457285,0.058067852591650385,4.739840463507981e-05,0.0,0,0,0,0,0
Spring,0,0,0,0,0.0006114841352686004,0.056140000735201666,0.24904144661786057,0.43451858637827173,0.5244416882284363,0.5668775134348306,0.5791277373120222,0.5823677927609422,0.5825581130059686,0.578177114237929,0.5502740982262803,0.49894394562181,0.3693522078547221,0.1267390301296316,0.0022115994992907085,0,0,0,0,0
Summer,0,0,0,0,0.0018294990103962304,0.10484694659822173,0.33590937641476054,0.47287976040633206,0.544848773048157,0.5899541025390236,0.60036160389596,0.5956318886609414,0.5902658901904198,0.5670820401592336,0.5265172845793158,0.4693135598476614,0.3771318413957988,0.198547263009041,0.021680915338129124,0,0,0,0,0
Fall,0,0,0,0,0.0,0.0031420593756188754,0.16480184671043144,0.39760001638075637,0.4823856719691743,0.5067415320484233,0.5105381783460807,0.503155634920772,0.49873411733404693,0.49206137711331815,0.47541914740545754,0.399397917550077,0.1884771977197311,0.01639038444970361,0.0,0,0,0,0,0
Summer Peak,0,0,0,0,0.0001285569937036363,0.11120179955364538,0.402961896764048,0.5769637877419197,0.6574661771991367,0.6844760015762708,0.6778167493024224,0.6734458115164987,0.6659637944829472,0.6566305567400631,0.6362414175386665,0.5391166087955692,0.386840849753612,0.2073752865433357,0.023821610933283808,0,0,0,0,0
Winter Peak,0,0,0,0,0.0,0.0,0.0,0.16013059135724936,0.5171333628722473,0.581077611540436,0.5465729144303801,0.5108854929782506,0.5218514045411707,0.5508281509219705,0.5103198422059546,0.29796940000628824,0.006402138286441087,0.0,0.0,0,0,0,0,0
