natural gas combined cycle,Hour0,Hour1,Hour2,Hour3,Hour4,Hour5,Hour6,Hour7,Hour8,Hour9,Hour10,Hour11,Hour12,Hour13,Hour14,Hour15,Hour16,Hour17,Hour18,Hour19,Hour20,Hour21,Hour22,Hour23
Winter,0.927212973,0.917077711,0.917762086,0.921779321,0.941714453,0.967782353,0.984840237,0.978411513,0.948155046,0.93409348,0.93076043,0.927152289,0.914372946,0.889376691,0.886923278,0.921587122,0.980324509,0.995348795,0.995366789,0.995366789,0.995250589,0.991590378,0.981277275,0.956799806
Spring,0.860503236,0.806289234,0.78689294,0.792501466,0.825780766,0.875724842,0.84321678,0.818533568,0.832436435,0.860185217,0.889545392,0.910007733,0.92616138,0.929718935,0.936364075,0.949822098,0.979780024,0.997258393,0.998831499,0.998831499,0.998820252,0.998629058,0.997266529,0.947237265
Summer,0.845735777,0.764512811,0.720308224,0.712208271,0.728630856,0.748655022,0.711522015,0.735724451,0.809741976,0.873052684,0.939160546,0.972723349,0.989851422,0.999845159,1.0,1.0,1.0,1.0,1.0,1.0,1.0,1.0,0.98479863,0.920842658
Fall,0.606631205,0.569829926,0.553163229,0.55683105,0.584362987,0.736094141,0.759525177,0.681113996,0.675606309,0.732032217,0.774895163,0.81571614,0.838201619,0.84492662,0.855066812,0.895602317,0.968175589,0.980482982,0.981496388,0.9808114,0.979153067,0.946976715,0.897206515,0.72302958
Summer Peak,0.913947197,0.716011529,0.500309864,0.500309864,0.500309864,0.500309864,0.500309864,0.500309864,0.716011529,0.913947197,0.999585029,0.999585029,0.999585029,1.0,1.0,1.0,1.0,1.0,1.0,1.0,1.0,1.0,1.0,1.0
Winter Peak,0.780955387,0.747977116,0.783024784,0.912912498,0.912912498,0.998550331,0.998550331,0.998550331,0.998550331,0.912912498,0.912912498,0.912912498,0.912912498,0.860252937,0.813933657,0.831919803,0.998550331,0.998550331,0.998550331,0.998550331,0.998550331,0.998550331,0.998550331,0.912912498
