solar pv,Hour0,Hour1,Hour2,Hour3,Hour4,Hour5,Hour6,Hour7,Hour8,Hour9,Hour10,Hour11,Hour12,Hour13,Hour14,Hour15,Hour16,Hour17,Hour18,Hour19,Hour20,Hour21,Hour22,Hour23
Winter,0,0,0,0,0.0,0.0,0.006143718954089968,0.17960719893041324,0.38954608217792724,0.43002466086984953,0.4224287623407778,0.4112695680271672,0.41391590840203496,0.42477871071031165,0.4063576768474296,0.2813645304518851,0.06114326943076512,4.990874116822137e-05,0.0,0,0,0,0,0
Spring,0,0,0,0,0.0006438698447881389,0.05911331378025439,0.26223129649834664,0.45753176351181396,0.5522174148504229,0.5969007461311203,0.609799772109877,0.6132114288948641,0.6134118289699558,0.6087988016907515,0.5794179730603415,0.5253692488430334,0.38891401268998393,0.13345144207595844,0.00232873126907264,0,0,0,0,0
Summer,0,0,0,0,0.0019263937949043344,0.11039989975055338,0.35369996632872314,0.4979246400277164,0.5737053092659996,0.6211995283689125,0.632158236693176,0.6271780240619425,0.6215278290641105,0.5971161050958111,0.5544029399085613,0.4941695646827346,0.39710567483082,0.20906281625865344,0.022829190143247212,0,0,0,0,0
Fall,0,0,0,0,0.0,0.003308470597697821,0.1735301593975678,0.41865789489761235,0.5079340081364221,0.5335798146985485,0.5375775407578098,0.5298039996056633,0.5251483075310975,0.5181221625137048,0.5005985192319017,0.42055101735176464,0.19845941544926646,0.017258459676984028,0.0,0,0,0,0,0
Summer Peak,0,0,0,0,0.00013536568948927966,0.1170913214082269,0.4243037537041471,0.6075212144278871,0.692287209186074,0.7207275405477717,0.713715597832227,0.7091131643895915,0.7012348812613155,0.6914073322043937,0.669938333851394,0.5676695554422433,0.40732889624219143,0.218358393715157,0.025083262262363522,0,0,0,0,0
Winter Peak,0,0,0,0,0.0,0.0,0.0,0.16861150282784673,0.5445220225395763,0.611852916491544,0.5755207654326214,0.5379432500303973,0.5494899433438329,0.5800013697547166,0.5373476409966444,0.3137505950982524,0.006741211336566127,0.0,0.0,0,0,0,0,0
