solar pv,Hour0,Hour1,Hour2,Hour3,Hour4,Hour5,Hour6,Hour7,Hour8,Hour9,Hour10,Hour11,Hour12,Hour13,Hour14,Hour15,Hour16,Hour17,Hour18,Hour19,Hour20,Hour21,Hour22,Hour23
Winter,0,0,0,0,0.0,0.0,0.006248935979312865,0.18268314288574253,0.396217429005521,0.4373892418227412,0.42966325631327595,0.418312950192902,0.42100461166140235,0.4320534497817014,0.4133169382091347,0.28618316540550326,0.06219040602180732,5.076347578703786e-05,0.0,0,0,0,0,0
Spring,0,0,0,0,0.0006548967277242856,0.06012568545179471,0.26672225663895194,0.4653674297363653,0.5616746628301924,0.6071232386198814,0.6202431726759606,0.6237132573253537,0.6239170894421635,0.6192250596872247,0.5893410564470749,0.5343666964671718,0.39557453472696585,0.13573692483515765,0.0023686130049570997,0,0,0,0,0
Summer,0,0,0,0,0.0019593851192182088,0.11229060294245741,0.3597574143592474,0.5064520726463619,0.5835305578567356,0.6318381605936713,0.6429845472116166,0.6379190437065734,0.6321720837502459,0.6073422858114897,0.5638976170817698,0.5026326880677972,0.4039064868661776,0.21264321565124167,0.023220161718130416,0,0,0,0,0
Fall,0,0,0,0,0.0,0.003365131300592676,0.17650202827612585,0.4258278091818395,0.5166328606954375,0.54271787606514,0.5467840669820477,0.5388773965507807,0.5341419713253174,0.5269954968978329,0.509171744572801,0.4277533531569788,0.20185822152699984,0.017554027198986757,0.0,0,0,0,0,0
Summer Peak,0,0,0,0,0.0001376839555544659,0.119096621554613,0.43157035868547333,0.6179255925284429,0.7041432854966494,0.7330706845586428,0.7259386556609215,0.7212574011720696,0.7132441949587998,0.7032483397855455,0.6814116644346072,0.5773914360132083,0.4143047906589433,0.22209798870490893,0.025512836964242534,0,0,0,0,0
Winter Peak,0,0,0,0,0.0,0.0,0.0,0.17149913503864272,0.5538474796133944,0.6223314791061859,0.5853771054353673,0.5471560393734475,0.5589004807822434,0.58993444436422,0.5465502299690078,0.31912387218414107,0.006856660986612402,0.0,0.0,0,0,0,0,0
