petroleum,Hour0,Hour1,Hour2,Hour3,Hour4,Hour5,Hour6,Hour7,Hour8,Hour9,Hour10,Hour11,Hour12,Hour13,Hour14,Hour15,Hour16,Hour17,Hour18,Hour19,Hour20,Hour21,Hour22,Hour23
Winter,0,0,0,0,0,0,0.043324719998843096,0.01811346299115459,0,0,0,0.0,0.0,0.0,0.0,0.0,0.0,0.06296105561925402,0.22157908567179554,0.10769012805741131,0.006129506427006758,0.0,0,0
Spring,0,0,0,0,0,0,0.008905785970651009,0.0,0,0,0,0.0,0.0,0.0,0.0,0.0,0.0,0.02910173814828865,0.2952466514683212,0.27869295890140494,0.05177431504971687,0.0,0,0
Summer,0,0,0,0,0,0,0.0,0.0,0,0,0,0.049095144436370024,0.1602856407406927,0.3219132765186611,0.5348589207595003,0.7824126660937836,0.95,0.95,0.95,0.95,0.5897683917119965,0.15422301558330845,0,0
Fall,0,0,0,0,0,0,0.0,0.0,0,0,0,0.0,0.0,0.0,0.0,0.0,0.07499563896419681,0.19031160459394977,0.17375177155941351,0.10294246513169698,0.0,0.0,0,0
Summer Peak,0,0,0,0,0,0,0.0,0.0,0,0,0,0.0,0.0,0.0,0.95,0.95,0.95,0.95,0.95,0.95,0.95,0.0,0,0
Winter Peak,0,0,0,0,0,0,0.0,0.0,0,0,0,0.0,0.0,0.0,0.0,0.0,0.0,0.0,0.0,0.0,0.0,0.0,0,0
