Unit: dimensionless (ratio of electricity demand in this hour to annual demand),Hour0,Hour1,Hour2,Hour3,Hour4,Hour5,Hour6,Hour7,Hour8,Hour9,Hour10,Hour11,Hour12,Hour13,Hour14,Hour15,Hour16,Hour17,Hour18,Hour19,Hour20,Hour21,Hour22,Hour23
Winter,0,0,0,0,0.0,0.0,0.021912805295594612,0.1886974054629841,0.32903636916990053,0.3511384387126225,0.3449916305257551,0.3414631362702579,0.3463212356387432,0.45608308605341236,0.43180970859012413,0.2693895990260976,0.058520695427223636,0.018184584950163583,0.0,0,0,0,0,0
Spring,0,0,0,0,0.00020965036769449104,0.003983356986195329,0.21184983575320304,0.34042877842065045,0.40134523585046095,0.4368294909837934,0.44174945168365354,0.4479781765132042,0.4511651102091047,0.5079716761112709,0.48199611960739575,0.4182276728561079,0.2948254815755784,0.15596126554390005,0.0057883350039200894,0,0,0,0,0
Summer,0,0,0,0,0.0005619622281988429,0.00816147792344412,0.26124296616813714,0.34911500253069067,0.4036104522493376,0.43461017436956034,0.4397323422287942,0.4291071623512598,0.43423925448825457,0.48768893343786895,0.4540828478707462,0.39865079443843476,0.30926778678681655,0.18209064835306615,0.02189171620535316,0,0,0,0,0
Fall,0,0,0,0,0.0,0.0,0.1576835141314394,0.3081750180548643,0.3602347693654791,0.3787816989159598,0.38623751595002254,0.38382957704843185,0.38140292844286605,0.4336890671715792,0.4111101964144722,0.32916730591488585,0.141860717479728,0.04280406075415074,0.0,0,0,0,0,0
Summer Peak,0,0,0,0,0.0,0.008331431180095867,0.3490070760100434,0.45183748002739094,0.4916685688199041,0.4616525907327094,0.46713079205660807,0.4778589363159096,0.45594613102031495,0.5125542113672678,0.4695275051358137,0.2282583884957772,0.06596667427527961,0.014608536863729742,0.002168454690709883,0,0,0,0,0
Winter Peak,0,0,0,0,0.0,0.0,0.0,0.20314996576124172,0.4608536863729742,0.4752339648482081,0.4572015521570418,0.43003880392604427,0.44384843643003874,0.5681351289659895,0.42387582743665825,0.2761926500798904,0.030929011641177815,0.0,0.0,0,0,0,0,0
