Unit: dimensionless (ratio of electricity demand in this hour to annual demand),Hour0,Hour1,Hour2,Hour3,Hour4,Hour5,Hour6,Hour7,Hour8,Hour9,Hour10,Hour11,Hour12,Hour13,Hour14,Hour15,Hour16,Hour17,Hour18,Hour19,Hour20,Hour21,Hour22,Hour23
Winter,0,0,0,0,0.0,0.0,0.00659233206116391,0.20021976103170444,0.4407285040784252,0.4863185661902267,0.47656638978273336,0.4629076554665871,0.46584536905385515,0.47884893611713947,0.45930142931976337,0.3185745466337399,0.06864701040185586,5.2882336800618624e-05,0.0,0,0,0,0,0
Spring,0,0,0,0,0.0007118942960608298,0.06535859885667436,0.28993587094801027,0.505869711630752,0.6105588435296682,0.6599629411515902,0.674224741255055,0.6779968374714087,0.6782184096906122,0.6731180189296205,0.6406331239080003,0.5808741853723292,0.4300025378315855,0.1475505044753684,0.00257476028879222,0,0,0,0,0
Summer,0,0,0,0,0.0021955496845605478,0.12602855385896808,0.39987815154758927,0.5602486098864808,0.6435480512381692,0.694643060494747,0.705747375133806,0.7000483164090334,0.6936671341048775,0.6684601218809887,0.6222340075939733,0.5561791318663798,0.44802211817835735,0.2379243140534051,0.026791042105228917,0,0,0,0,0
Fall,0,0,0,0,0.0,0.003658008472133111,0.19186351351848688,0.4628888428165366,0.5615969222578122,0.5899521924374004,0.5943722757847395,0.5857774648129224,0.5806299017473008,0.5728614488500791,0.5534864434829228,0.4649819724882626,0.21942653006895715,0.019081805278337666,0.0,0,0,0,0,0
Summer Peak,0,0,0,0,0.00014966699094514705,0.1294619471675522,0.4691311831175634,0.6717054553618199,0.765426925091671,0.7968719598892464,0.7891192097582879,0.7840305320661528,0.7753199131931453,0.7644540896505275,0.7407169048866273,0.6276434932275687,0.450362942453042,0.24142782309361668,0.02773329342213575,0,0,0,0,0
Winter Peak,0,0,0,0,0.0,0.0,0.0,0.18642520392127515,0.6020504377759485,0.6764947990720647,0.6363241787023872,0.5947766220160143,0.6075432163436354,0.6412781561026716,0.5941180872558557,0.34689815161266185,0.007453416149068323,0.0,0.0,0,0,0,0,0
